1.938826560974121	1.4782429933547974	0.8837069869041443	-2.0925142765045166	0.6887894868850708	-1.2307535409927368	-0.05998646840453148	-1.596544623374939	-0.7363488078117371	1.6652555465698242	-0.38333460688591003	-1.4007331132888794	-0.7282611727714539	-0.5744752883911133	-0.751483142375946	0.738986074924469	1.6487561464309692	-0.16725264489650726	-0.5301870703697205	0.41182956099510193	-0.7557073831558228
1.090863585472107	0.7970258593559265	1.6631073951721191	1.301389217376709	1.295884609222412	0.6085832715034485	1.3197667598724365	-0.23067644238471985	0.04827616736292839	-0.23349754512310028	0.8672959208488464	-1.402645230293274	-0.874544084072113	-0.20357057452201843	1.7031182050704956	0.31283313035964966	-0.42702654004096985	0.29245513677597046	-0.7664098739624023	-1.5539672374725342	0.9799159169197083
-0.8631555438041687	-0.5960134863853455	-1.2934074401855469	2.1403746604919434	-1.247685432434082	-0.5098130702972412	-0.8935815095901489	-0.6570943593978882	0.0954335406422615	0.5406726002693176	-0.4866618514060974	1.1867785453796387	-0.8073217868804932	-0.724176824092865	-1.4185492992401123	0.057238928973674774	-0.03666531667113304	0.682517945766449	-0.08465433120727539	1.8566073179244995	-1.1870391368865967
1.391440987586975	1.4246273040771484	0.8434375524520874	2.2489144802093506	0.514771044254303	0.3329178988933563	-0.16658607125282288	-1.0341366529464722	1.2614620923995972	-0.17696215212345123	0.5450242757797241	0.03372780978679657	0.4157989025115967	0.5871852040290833	-0.6584405303001404	-2.187328338623047	-0.7368143796920776	0.01704760454595089	-0.30803182721138	-1.33892023563385	-0.5603538751602173
0.5773081183433533	0.48876604437828064	1.1245990991592407	0.09099461138248444	0.7281767129898071	-0.5147839188575745	-1.016616940498352	0.6441150307655334	-1.6765244007110596	-0.7909576296806335	1.3728817701339722	0.4409194886684418	-2.5616719722747803	0.4796547591686249	0.7594445943832397	0.019607705995440483	0.6426800489425659	0.5574365258216858	1.0315762758255005	-0.4860756993293762	-0.14443719387054443
0.7376796007156372	0.42165374755859375	0.17028886079788208	0.27604129910469055	1.2551040649414062	0.005715451203286648	-0.31693390011787415	-1.4666680097579956	-0.0930892750620842	-0.6000092625617981	0.474859356880188	0.7276648283004761	0.09449037164449692	-0.36697623133659363	0.5061008334159851	-0.008652121759951115	0.2256220132112503	0.10766208916902542	0.7955791354179382	1.1177767515182495	0.3169083893299103
0.7147827744483948	0.4059978127479553	1.9257662296295166	0.9974228739738464	-1.4419524669647217	-1.1405813694000244	-0.15096281468868256	1.6251529455184937	0.6561117768287659	0.5983136892318726	1.147779107093811	0.02564122900366783	-1.7899249792099	0.9249191880226135	-0.3577611446380615	1.0335274934768677	-0.6738904118537903	0.6280165314674377	-0.9884384274482727	0.9512699246406555	1.6330934762954712
1.4607294797897339	0.2656390964984894	-0.2119966596364975	-0.6978653073310852	0.13104921579360962	0.34277185797691345	0.9402565956115723	-0.43975332379341125	1.60721755027771	-2.4770853519439697	-0.4229274094104767	-1.207191824913025	0.8104647397994995	-1.8986417055130005	0.23685944080352783	0.015437809750437737	-0.35011932253837585	0.2514035999774933	-0.751473069190979	0.14256080985069275	-1.1005042791366577
-1.5942505598068237	1.3618144989013672	1.286933183670044	0.0419577993452549	-1.5271047353744507	0.7522872090339661	0.7665497064590454	2.031911849975586	0.044749412685632706	0.11531772464513779	-0.8053284883499146	-0.2063819169998169	-0.9280257225036621	-1.5815465450286865	-1.124822735786438	-0.539029598236084	-0.5163801312446594	-1.5070592164993286	-1.9297436475753784	0.1340630054473877	1.01960027217865
-0.5609219074249268	0.7363743185997009	0.7110074758529663	1.7742682695388794	-0.9255529642105103	0.9453815221786499	-0.33528485894203186	-1.1472314596176147	0.3723730742931366	0.4695628583431244	1.342158317565918	0.5295103192329407	2.1081316471099854	-0.5220075249671936	-0.9227532148361206	0.17933501303195953	1.0659643411636353	1.301998257637024	0.4757966697216034	-0.7880827784538269	-1.041113018989563
-0.4991005063056946	-0.6076563000679016	0.15450352430343628	0.43206074833869934	-0.16524973511695862	-2.3137967586517334	-0.39878836274147034	1.071860909461975	-1.8017833232879639	1.5123834609985352	0.32877054810523987	-0.4923669397830963	1.0352929830551147	1.6910710334777832	-0.006546538323163986	1.6729215383529663	0.14201293885707855	-1.0488920211791992	-0.5759974718093872	0.07485175877809525	0.4113156199455261
1.9930448532104492	-0.0569646842777729	-0.8989927768707275	-2.062147378921509	-1.083144187927246	0.010066747665405273	0.05397810786962509	0.18261966109275818	0.37777212262153625	-0.9388457536697388	0.2643015384674072	-0.5256602168083191	0.47943243384361267	-0.8784245252609253	-0.019402502104640007	-0.33676597476005554	1.438119649887085	1.2509242296218872	-0.6959387063980103	0.8432725071907043	0.48354530334472656
0.5252079367637634	0.5636875629425049	0.48809391260147095	0.2046107053756714	-0.6819953918457031	0.5778766870498657	-1.522371768951416	-1.617185354232788	-1.4760117530822754	0.43082696199417114	-0.13413362205028534	0.7914274334907532	-1.579127550125122	-0.09702294319868088	0.7093639969825745	0.05244338884949684	1.321093201637268	0.25046733021736145	-1.9807144403457642	0.00617338577285409	-1.3719741106033325
0.6313112378120422	-2.5861916542053223	-0.029917750507593155	-0.13372303545475006	-0.7408754825592041	1.7021980285644531	0.05930692330002785	1.1968059539794922	1.93352210521698	0.7419872283935547	0.9935638308525085	0.41531363129615784	1.156585693359375	0.26183024048805237	-0.023235294967889786	0.9574246406555176	-0.9962514638900757	-0.5487543940544128	-0.4613814055919647	-0.31784242391586304	-0.11538676917552948
-0.693868100643158	-0.050245895981788635	2.0137879848480225	0.26918190717697144	0.9345008134841919	0.7012690305709839	-0.03735959902405739	0.11743298172950745	1.351535677909851	0.708606481552124	0.41054412722587585	-0.7210087180137634	0.8206265568733215	-0.944452166557312	0.45838406682014465	1.250128149986267	-2.3067433834075928	-1.2892239093780518	0.18622161448001862	-2.1212222576141357	-0.13547226786613464
-1.0269917249679565	-0.7517563104629517	-0.051647067070007324	1.2006230354309082	-0.9869807958602905	0.4186742603778839	-0.7182527184486389	1.0503594875335693	-1.4599707126617432	0.45364102721214294	0.38609689474105835	0.0010902364738285542	0.06492321938276291	0.37378618121147156	0.7013652324676514	-1.7357478141784668	-0.8530896306037903	0.4211979806423187	0.2727254033088684	-0.579246997833252	0.08199336379766464
0.9054834246635437	0.18638040125370026	0.7892618775367737	-0.06412681192159653	0.5674958229064941	-0.712043046951294	-0.50615394115448	0.028144238516688347	0.5857881903648376	1.6476713418960571	-0.08275377005338669	1.0844359397888184	0.9357638359069824	-0.6643392443656921	-0.557853639125824	-0.3347219228744507	-0.8016535639762878	0.3851291835308075	0.06936602294445038	-1.2173117399215698	-0.33772122859954834
-0.8537759780883789	-0.567452609539032	2.021559715270996	1.8768497705459595	1.6419181823730469	0.06400634348392487	-0.15227875113487244	-1.746378779411316	-0.7537254691123962	-0.42539742588996887	1.8471239805221558	-0.21616661548614502	0.1950170397758484	2.119370460510254	1.731420874595642	0.3873226046562195	0.6434755921363831	-0.14956256747245789	0.6460422873497009	-0.18416716158390045	-1.1391502618789673
-1.2942235469818115	0.43923425674438477	-0.5744049549102783	0.838236391544342	-0.503754198551178	-0.3351162374019623	0.6821001768112183	-0.05192041024565697	-0.223775714635849	0.14905384182929993	1.458461880683899	-0.9256275296211243	-0.5924599170684814	-0.11593741923570633	-0.9646581411361694	-2.481290340423584	-0.32592156529426575	0.859865665435791	0.978762686252594	-0.34531041979789734	-0.7880186438560486
0.7963441014289856	0.024982299655675888	-1.0632373094558716	-0.7710393667221069	-0.41865476965904236	0.9574883580207825	-0.17152972519397736	0.13168254494667053	-0.06334690004587173	0.9254674315452576	-1.5925195217132568	1.0051287412643433	1.1638137102127075	-0.1485109031200409	-0.2763839662075043	-0.17357677221298218	0.7507128119468689	0.6943490505218506	-1.3052384853363037	-0.5160183906555176	0.6016606092453003
-0.48608410358428955	-0.6172822713851929	-0.029554501175880432	-1.6473804712295532	-0.4914360046386719	-0.7189926505088806	0.29414042830467224	0.14036206901073456	1.0023282766342163	-0.6168602108955383	-0.5260210037231445	0.6798535585403442	-0.4838547706604004	1.1299781799316406	-0.4601231515407562	1.4416793584823608	0.8410952091217041	-0.03434780612587929	0.6444680094718933	1.0192948579788208	0.7044715881347656
-1.3085054159164429	0.03295077383518219	-1.1540805101394653	-0.11015381664037704	1.1892610788345337	0.7602939605712891	-0.7561497092247009	-1.3775196075439453	0.4781661629676819	-0.9999256730079651	0.042367372661828995	-0.4251134395599365	-0.9793618321418762	-0.6451131105422974	0.8297989368438721	1.5953010320663452	-0.1349828541278839	-0.47267648577690125	0.10957058519124985	0.07213829457759857	-0.9196484088897705
-1.2807238101959229	1.0711816549301147	1.1198711395263672	-0.7067530751228333	0.05726342275738716	0.011836920864880085	0.16466712951660156	1.2267944812774658	-1.3114216327667236	-1.4342451095581055	-1.053160309791565	0.3177686929702759	0.391762375831604	-0.7376816272735596	2.860071897506714	1.9318337440490723	2.0301451683044434	-1.091392993927002	1.5931686162948608	0.8286445140838623	-0.3848435878753662
-0.6203712224960327	-0.5085822939872742	-0.6147383451461792	-1.654636025428772	-1.0234968662261963	-0.44094419479370117	-0.08923452347517014	-0.5552140474319458	-1.1632037162780762	-0.43491852283477783	-0.028005842119455338	0.38687416911125183	-0.030188651755452156	1.176202654838562	-0.3413410186767578	0.6472680568695068	0.09419470280408859	-0.7524144649505615	-0.6594527363777161	-1.2906074523925781	1.9654724597930908
-0.9599508047103882	-2.5654115676879883	0.7143169641494751	0.8148989677429199	0.6240631937980652	0.42759189009666443	-0.3423897624015808	0.5143436193466187	-1.3711036443710327	0.19901667535305023	-0.6102390289306641	0.161165252327919	1.5181140899658203	0.21055825054645538	-0.7122933864593506	-0.96494460105896	0.5187849402427673	-0.4573487937450409	0.17277339100837708	-0.39299920201301575	-1.78915274143219
0.0844704732298851	-1.9483603239059448	-0.6576193571090698	1.3605246543884277	-1.2695565223693848	0.7748098373413086	0.6592259407043457	0.3715392053127289	-2.6204288005828857	-1.4340872764587402	-0.9676524996757507	0.24902284145355225	-0.18760646879673004	1.1970223188400269	-0.41542455554008484	0.9939084649085999	0.6231418251991272	1.2107489109039307	-0.6247256398200989	-1.7551004886627197	-0.11676006764173508
-1.3609050512313843	1.0982760190963745	-0.6048901081085205	-0.7910701632499695	-0.14757558703422546	1.652199387550354	2.0018601417541504	-1.2402514219284058	1.1071219444274902	1.7718857526779175	-2.082038164138794	-0.41930416226387024	-0.9749205708503723	-0.03897760063409805	1.8715624809265137	2.6323039531707764	0.3700902760028839	0.383454829454422	0.18201495707035065	-0.2539331912994385	0.31837382912635803
-0.4758588969707489	0.45699405670166016	0.6707781553268433	1.1800144910812378	0.028493184596300125	0.5360428094863892	-0.6108929514884949	-0.1825776845216751	0.5746729969978333	-0.8038380146026611	-1.1157292127609253	0.21192319691181183	-0.773108959197998	-1.8066353797912598	-0.2462412565946579	-0.42615848779678345	2.174452304840088	-0.46347349882125854	-1.2763590812683105	0.7328604459762573	0.06082867830991745
-0.3231082856655121	-0.2754482626914978	-1.2149326801300049	-0.9578483700752258	0.06394122540950775	0.083004891872406	0.7435267567634583	-0.1557816118001938	-0.913244366645813	0.31507638096809387	0.8236140012741089	-1.114739179611206	0.5030719637870789	-1.2077990770339966	0.14484158158302307	0.43550342321395874	0.6339370608329773	0.17764626443386078	1.7526912689208984	0.6082702875137329	-1.8588544130325317
2.316521406173706	-0.9393081068992615	0.6601165533065796	-0.42346617579460144	-2.2927796840667725	1.292885422706604	0.2183375358581543	-0.8349297046661377	1.6658539772033691	1.6022443771362305	-0.08359167724847794	0.43201470375061035	0.36450549960136414	0.773088812828064	1.187804102897644	-0.4165216088294983	0.5115378499031067	-0.6972366571426392	-0.4518096446990967	0.10853365063667297	0.07427392899990082
0.5421279072761536	-0.6063340902328491	-1.0820776224136353	-0.3738502264022827	0.8323748707771301	1.4781146049499512	0.05803517997264862	1.4644662141799927	0.24269913136959076	0.4901231527328491	-1.3012932538986206	-0.0665053054690361	1.9174834489822388	0.3378082513809204	0.14081329107284546	-0.7513798475265503	-1.1593554019927979	0.7677391767501831	0.4353211224079132	0.22950784862041473	-1.3409308195114136
1.7744628190994263	-0.062307026237249374	-0.15604528784751892	-0.9031168818473816	-0.642100989818573	-0.4033360779285431	-0.7083603739738464	-0.2477954477071762	-2.182035207748413	0.08381882309913635	1.0778697729110718	-0.0973266139626503	-0.26133862137794495	-0.9235819578170776	-0.08858897536993027	-1.0074272155761719	0.01295230258256197	-0.5145097374916077	0.8309298753738403	0.06297289580106735	-1.6807899475097656
2.1156957149505615	-1.5375624895095825	0.1303388923406601	-1.1883821487426758	-0.5300720930099487	0.9698286652565002	0.25853225588798523	-0.5589234828948975	-2.7803702354431152	-0.7229236364364624	0.5141217708587646	-1.7136015892028809	0.8491730690002441	-0.25791990756988525	0.11957080662250519	0.8967555165290833	0.14426018297672272	0.728492796421051	0.2931458652019501	2.7284436225891113	0.43601784110069275
-0.29581838846206665	-0.10273110121488571	1.519868016242981	-0.09068454056978226	-0.4108271300792694	1.4354369640350342	-0.7135128974914551	-1.2567230463027954	3.0365097522735596	1.355690836906433	0.8722392320632935	0.31104615330696106	0.42812997102737427	1.5189956426620483	1.2809215784072876	-0.14496567845344543	1.3584567308425903	-0.47998717427253723	-0.9807321429252625	-1.3505693674087524	-0.006306974682956934
-0.3929596245288849	-0.724409282207489	-0.3608269989490509	0.39466598629951477	1.0178064107894897	1.2747761011123657	0.9581299424171448	0.11908119171857834	0.841317892074585	2.0872201919555664	0.7902771830558777	0.26855093240737915	0.17991384863853455	0.358997106552124	0.09545450657606125	1.7321748733520508	-1.2529810667037964	0.373180091381073	0.3426835834980011	-1.4601503610610962	-1.4863977432250977
-0.24649690091609955	0.23380786180496216	-0.06502026319503784	0.9702394604682922	1.2650172710418701	0.29924559593200684	0.8674236536026001	-0.819075345993042	-1.4252727031707764	0.4592905044555664	0.5082237124443054	-1.3475818634033203	1.975303053855896	1.787367820739746	-0.9804149270057678	-1.2161279916763306	-2.3070666790008545	0.024069899693131447	-0.8479518294334412	-1.6626046895980835	0.2945699691772461
1.1636215448379517	0.3271452486515045	-0.385815292596817	2.844028949737549	0.8261605501174927	0.8055323958396912	1.8658479452133179	0.5651464462280273	0.03395412117242813	-1.617802381515503	-0.4090789258480072	0.6028065085411072	0.3671511113643646	-3.0810136795043945	-1.4690779447555542	-1.4506434202194214	-0.6354930400848389	-0.24856172502040863	-0.7475124001502991	-0.41489729285240173	0.501483142375946
-0.8576756715774536	-0.47845834493637085	0.6211661100387573	-0.2970651686191559	0.7668303847312927	-0.7480840682983398	-0.9503563642501831	0.012157888151705265	0.07533983141183853	0.7607204914093018	1.325079083442688	0.13512377440929413	-2.429689884185791	0.40314921736717224	1.915444016456604	-0.7158575057983398	0.05005014315247536	-1.5108696222305298	0.3543963134288788	0.737842321395874	1.4283454418182373
0.6687906980514526	-0.1512306183576584	0.912270724773407	0.5225382447242737	-0.021719515323638916	-1.4559077024459839	-0.6210138201713562	-0.1934899538755417	0.18619556725025177	-1.224111795425415	-0.3951219618320465	1.4698485136032104	0.33156025409698486	-0.9785787463188171	-0.6785686612129211	-0.4788396954536438	-1.2994167804718018	1.0969558954238892	-1.0762584209442139	-1.988703966140747	0.28161028027534485
0.42520174384117126	-0.02441469393670559	-1.0147005319595337	0.2143366038799286	-0.7830823659896851	1.3909473419189453	-0.31699562072753906	-0.9363620281219482	1.8826543092727661	-1.6576043367385864	2.15837025642395	-0.6278648376464844	0.13161687552928925	-0.22378678619861603	0.7215880751609802	0.3540492355823517	1.5709360837936401	-0.329060822725296	-0.44213414192199707	-1.2475464344024658	-0.5853163003921509
-0.3023456037044525	0.05703620985150337	0.43995431065559387	0.46879440546035767	0.45708605647087097	1.0196799039840698	-0.6023449897766113	0.36899182200431824	0.7976524233818054	-0.8833805918693542	1.4680123329162598	0.8588787317276001	-0.17887526750564575	0.995681881904602	0.7225503325462341	-0.10783117264509201	-1.434255599975586	-2.341013193130493	-0.30369728803634644	-0.14964091777801514	-0.15260472893714905
1.1745586395263672	-0.27171531319618225	1.6764470338821411	-0.5641623735427856	-2.1558477878570557	-1.6307786703109741	-0.6947979927062988	0.3648456037044525	-0.42102575302124023	0.5074618458747864	-2.3610997200012207	-0.5478057861328125	-0.5729733109474182	1.2673213481903076	1.3145231008529663	-1.1731923818588257	-0.10065317898988724	-0.9465277194976807	1.4360699653625488	1.3759526014328003	-1.317292332649231
-1.3288204669952393	-1.2568124532699585	-1.5768414735794067	-2.5565977096557617	1.367821455001831	-0.5292937159538269	0.7460174560546875	-0.8437764048576355	0.03489119932055473	1.331616997718811	0.9167501926422119	-0.366788387298584	-1.5495871305465698	-0.7944835424423218	-0.707824170589447	-0.3817848563194275	0.9610700607299805	-0.8137506246566772	-2.379201889038086	0.3193816542625427	1.8836216926574707
1.083715558052063	-0.5290099382400513	-0.70877605676651	0.14175477623939514	-0.2681052088737488	0.49549558758735657	1.6744885444641113	1.5722568035125732	-0.43132883310317993	1.844719409942627	-1.0885024070739746	0.8833850026130676	-0.8426619172096252	1.0152405500411987	-0.8720980882644653	-0.5397523641586304	0.30296072363853455	1.1375683546066284	-1.1974905729293823	2.598647356033325	-0.12555049359798431
-0.08056239038705826	1.2455161809921265	0.862912118434906	-0.9753047823905945	0.04250989854335785	-0.3144349455833435	-2.2542147636413574	-0.4684784412384033	0.40716490149497986	-0.37176603078842163	-0.20998091995716095	-0.39589065313339233	0.8837350606918335	-1.0553961992263794	-1.3279204368591309	0.6889956593513489	0.354684442281723	0.6111212372779846	0.9119879007339478	0.6593587398529053	0.25520360469818115
0.12291327118873596	0.10655498504638672	0.48161739110946655	0.29715853929519653	-0.5798448324203491	0.569846510887146	-0.7959186434745789	-0.1882573962211609	-1.3591276407241821	-0.5070923566818237	0.0870591253042221	0.3257128596305847	1.440827488899231	-0.3499152362346649	-0.2622651159763336	-0.4616014361381531	-0.7356881499290466	-0.15641188621520996	-0.3112033009529114	-0.6239944100379944	-0.7927056550979614
1.2956771850585938	-0.9554163217544556	-0.2773481607437134	0.919687032699585	-0.4752737879753113	-0.94861900806427	-0.7281091213226318	2.1680779457092285	-0.6659823656082153	0.48055535554885864	0.8677215576171875	-1.6706500053405762	1.191726565361023	-2.873105525970459	-0.3652127683162689	-0.7216359376907349	-1.6351398229599	-0.3279399871826172	0.03949010372161865	0.6901518106460571	1.8236368894577026
-1.921799898147583	-1.3938413858413696	0.5444655418395996	0.42975088953971863	-2.267472267150879	-0.13202548027038574	-0.06659669429063797	0.12435978651046753	-0.5556249618530273	0.08153155446052551	-0.14527715742588043	-0.5484877824783325	-0.08854521065950394	-1.0315700769424438	0.4037327170372009	2.1401870250701904	-0.5141056180000305	1.0869060754776	1.2542182207107544	0.9838753938674927	0.22885927557945251
0.49287810921669006	-0.5080680847167969	0.29266157746315	0.061966292560100555	0.6454657912254333	-0.4166211485862732	1.152435064315796	0.6957470774650574	0.6635029911994934	-0.8011351227760315	-1.3945740461349487	-0.43453165888786316	0.16709326207637787	1.099976897239685	0.5751628875732422	1.5895252227783203	-1.2271116971969604	0.9555121660232544	-1.6018075942993164	0.6547213792800903	-0.06398328393697739
0.11237522214651108	-1.7127898931503296	-0.8094272613525391	1.2783228158950806	0.44599243998527527	-0.03250876069068909	-0.0709943175315857	-1.292738914489746	0.7262672781944275	-0.02711058035492897	0.26357677578926086	-0.3889136016368866	-0.16062526404857635	1.154125452041626	-1.2138878107070923	0.28110289573669434	-0.03399968147277832	1.2869874238967896	-1.5555258989334106	-0.3195742070674896	2.108750820159912
-0.12341785430908203	0.616406261920929	0.7632387280464172	0.8136348128318787	-0.032822079956531525	-0.00314777041785419	0.6756139397621155	0.07620789855718613	0.368944376707077	0.13983707129955292	0.30690157413482666	1.3247339725494385	1.4723713397979736	1.081201434135437	0.7730602025985718	-0.7929270267486572	0.9227489233016968	-0.42724525928497314	-0.3232054114341736	-1.1300286054611206	-1.7708415985107422
-2.5472705364227295	0.10274416208267212	-0.7886422276496887	0.3690505027770996	1.5148712396621704	-0.8884437084197998	0.5187004208564758	0.3467004597187042	0.24569527804851532	1.2038190364837646	1.395155668258667	0.798544704914093	0.5175735354423523	-0.16893067955970764	-1.0522366762161255	-0.07998622953891754	-0.9137779474258423	0.24931317567825317	0.095351442694664	-0.34334713220596313	0.8540493249893188
0.2048957198858261	0.3831392526626587	1.2473325729370117	1.207737922668457	0.6912205815315247	-0.04467686638236046	-1.4999489784240723	-1.527791976928711	0.32119032740592957	-1.4683287143707275	1.8858212232589722	-0.023500267416238785	-0.27618440985679626	1.403898000717163	-0.9082469940185547	-0.7716664671897888	-0.4108610153198242	1.1161130666732788	0.2346632480621338	-0.12445227056741714	0.7773645520210266
-1.1489030122756958	0.980027973651886	-1.1834890842437744	0.9541032314300537	-1.0998845100402832	-0.7779500484466553	-0.223030686378479	-0.003570478642359376	-0.218993678689003	1.2192716598510742	0.6782017946243286	-1.8915153741836548	0.20061416923999786	1.5878955125808716	-1.0353208780288696	-0.7530822157859802	-0.3932439386844635	0.1552542895078659	-0.09131045639514923	1.114527940750122	0.05405637249350548
-0.07379087060689926	3.4474236965179443	-1.1156527996063232	-0.4267500936985016	-0.019061429426074028	0.5427664518356323	0.12519970536231995	-0.8814553618431091	1.2227753400802612	0.32850131392478943	-0.09585807472467422	2.4854753017425537	0.5720020532608032	0.14361047744750977	-1.3128565549850464	-0.6129130721092224	0.6395940184593201	-0.2553648054599762	-1.4013139009475708	-0.07730729132890701	0.519216775894165
1.1631872653961182	2.1579885482788086	1.781090259552002	0.2418866753578186	-2.457308292388916	-0.33836740255355835	-1.3442610502243042	-0.42316287755966187	-0.5909359455108643	1.8070439100265503	-0.7318214774131775	0.4070858061313629	-0.5862433314323425	0.105805903673172	-0.2835700511932373	0.8451868295669556	-1.0760931968688965	-0.9957159161567688	-1.015071153640747	2.8870298862457275	1.4520702362060547
-0.5547724366188049	-0.9522722959518433	-0.752364993095398	0.16703718900680542	-0.2444506585597992	-0.7597047090530396	1.2255885601043701	1.0217692852020264	1.0185004472732544	0.6355965733528137	0.880033552646637	0.8090705871582031	0.1886885017156601	-0.6345610618591309	-0.8705847859382629	-1.5474270582199097	-0.7929750680923462	0.5644327998161316	0.755326509475708	0.5519504547119141	1.2995774745941162
1.7572338581085205	0.22519390285015106	1.5091081857681274	0.5156771540641785	0.3573763072490692	0.8656026721000671	2.0281667709350586	0.35380375385284424	0.4856153726577759	-0.03766065090894699	1.0836125612258911	-0.49937960505485535	-0.8109304904937744	-0.2026360034942627	2.280435562133789	-0.8014459013938904	-0.2841702997684479	1.5686930418014526	-0.30406874418258667	-0.1287059485912323	1.056246042251587
1.438559889793396	0.911229133605957	-0.251120388507843	0.5034583806991577	-0.09603723883628845	-0.5089507102966309	-2.0749008655548096	0.47426873445510864	-0.7196670770645142	-0.10801634192466736	-0.2953733503818512	1.3424981832504272	-1.392691731452942	-0.2852320373058319	0.10105711966753006	-1.4454951286315918	-1.7426488399505615	-0.5232330560684204	0.565724790096283	-1.3308857679367065	1.2072559595108032
-2.0383129119873047	1.428490161895752	0.17390719056129456	-1.1360751390457153	0.5975613594055176	-0.8431450724601746	-0.4836476445198059	0.2895750403404236	0.7012232542037964	-0.6099973320960999	0.549298882484436	-0.7743856310844421	0.0883285403251648	-0.7571181058883667	0.9503458142280579	0.4438527226448059	1.1234383583068848	0.5221482515335083	-1.1380248069763184	-0.7599619030952454	0.04492403566837311
-0.7122058868408203	-0.5702334642410278	0.8339105844497681	2.246328353881836	-1.7794644832611084	-0.9703988432884216	0.6285418272018433	1.0185011625289917	0.9553834199905396	0.027130717411637306	-1.0895634889602661	-0.7390376329421997	2.470991611480713	-1.9204853773117065	0.30484265089035034	-1.4629223346710205	-0.45800474286079407	-0.11553777754306793	-0.6450465321540833	-1.2814545631408691	-0.2780453562736511
-0.292161762714386	1.0773566961288452	0.16700142621994019	0.5135956406593323	-0.9703332185745239	1.1310365200042725	0.24428360164165497	-0.4643896222114563	-0.9127814173698425	-0.16125653684139252	-0.6962345242500305	-0.13189032673835754	1.6395409107208252	-1.5365426540374756	-0.17258761823177338	0.03310227021574974	0.10139195621013641	0.665088415145874	0.9927173256874084	-0.7534618377685547	-1.282746434211731
-0.6435710787773132	1.3591710329055786	0.2403499335050583	-0.44805678725242615	-1.1817597150802612	1.4276423454284668	-0.020428191870450974	-0.011006965301930904	-1.0107501745224	-0.2900868058204651	0.7550258636474609	-0.9430598616600037	-2.3124759197235107	-0.7891942858695984	0.8333291411399841	1.2273746728897095	-0.056513406336307526	1.1612218618392944	1.2204740047454834	-0.3171612620353699	-0.7119580507278442
-0.3475337028503418	0.4404335916042328	0.18981730937957764	-0.4973907172679901	-0.5516888499259949	0.024202881380915642	-1.5178802013397217	0.5283477902412415	-0.39222681522369385	-1.926294207572937	0.049669984728097916	-0.4914610981941223	-1.235830307006836	-0.33514291048049927	-0.009215345606207848	-0.04773646220564842	1.1678625345230103	1.7213793992996216	2.0455291271209717	-0.2437903881072998	-1.3443536758422852
-0.49804234504699707	-0.7087799310684204	0.49051952362060547	-1.4447007179260254	0.14062005281448364	0.6406325697898865	-1.0459189414978027	-0.5189399719238281	-1.1418724060058594	-0.14920710027217865	-0.6246793270111084	0.41472741961479187	0.3087943494319916	-0.8454410433769226	-0.4996890425682068	0.6521854400634766	0.5246288776397705	1.256321668624878	-0.23642724752426147	1.364661693572998	-0.8127864003181458
0.36122986674308777	-0.2964574992656708	-0.2563515603542328	-0.29946795105934143	-0.6139700412750244	-0.032656002789735794	-0.28089091181755066	1.4248988628387451	0.008928426541388035	-0.5293329358100891	-0.4844198524951935	2.893649101257324	-1.1525315046310425	1.9453123807907104	-1.155002474784851	-1.612122893333435	0.06864110380411148	-0.9055731892585754	-0.38950833678245544	-0.9943709969520569	0.16217802464962006
0.6972557306289673	-1.379500389099121	1.2108842134475708	-0.007448556367307901	1.9804139137268066	-0.10867798328399658	-1.147966980934143	0.8617245554924011	-0.19872502982616425	-1.2717205286026	0.5608153939247131	-0.3665092885494232	-0.5122551321983337	-0.39658990502357483	1.7189058065414429	0.22225239872932434	1.7777841091156006	-0.1668834090232849	1.0785571336746216	1.3081536293029785	0.2855527698993683
0.1451234072446823	0.26310789585113525	-1.1425551176071167	-1.0733497142791748	-0.48834556341171265	-0.9057136178016663	0.49804097414016724	-0.8847829699516296	0.7850257754325867	0.6321958303451538	-0.31387972831726074	0.2592562735080719	-1.3179188966751099	-0.8316957354545593	-0.5200454592704773	0.09895484149456024	0.8424943089485168	-1.0309478044509888	0.5548256635665894	0.9894158244132996	-0.8038029670715332
0.35505372285842896	0.43983978033065796	2.044431209564209	-0.779594361782074	-1.2350506782531738	-0.09842417389154434	0.28312453627586365	-0.4550014138221741	-0.8028837442398071	-0.7614825963973999	1.4947935342788696	-1.558426022529602	0.6743484139442444	-0.43228933215141296	-0.975055456161499	0.40369290113449097	0.050257809460163116	0.5894767642021179	-1.3983163833618164	1.0804617404937744	0.252856582403183
1.0736702680587769	-0.06921128183603287	0.14373522996902466	-0.21438616514205933	-0.16959917545318604	-0.8342430591583252	1.1848636865615845	-0.3397812843322754	0.10738836973905563	1.7830654382705688	-0.6118412017822266	0.20543897151947021	1.5040004253387451	-1.1544513702392578	-0.7133097052574158	1.305314302444458	1.5161317586898804	-1.232569694519043	0.35542669892311096	-0.2710079252719879	-0.47489452362060547
-0.5038608908653259	-0.5798972845077515	-1.0332657098770142	0.21828123927116394	0.18339170515537262	0.6325246095657349	-0.8093738555908203	-0.6574273705482483	-0.41247040033340454	0.43108898401260376	0.3900774121284485	-1.8867578506469727	0.2631393074989319	1.3978002071380615	0.695945680141449	1.44741952419281	-1.1306962966918945	-0.7271252274513245	0.9909157156944275	-1.8587275743484497	0.29801082611083984
0.6690300703048706	0.698417067527771	-0.5663519501686096	-0.4326675236225128	0.1546425074338913	0.36945921182632446	-2.0103085041046143	-0.7166991233825684	-0.0918099656701088	-0.3657718002796173	0.10777023434638977	-0.3582950830459595	0.3036094009876251	-0.12531737983226776	0.13676844537258148	-1.529669165611267	0.5446041822433472	0.7264620065689087	-0.2513992190361023	0.5414037108421326	-1.9028536081314087
-1.494961142539978	-0.18638892471790314	-0.6523587703704834	-1.2091423273086548	-1.2136510610580444	-1.5061067342758179	-0.5386942028999329	1.272849440574646	-1.6112674474716187	-0.8984728455543518	1.414231777191162	0.9070160984992981	0.4800618588924408	-0.8439533114433289	-1.0424067974090576	0.540065586566925	-0.9588297009468079	1.0111215114593506	-1.105365514755249	-2.799804925918579	1.290062665939331
0.20469734072685242	0.3259905278682709	1.3124207258224487	-0.8613858222961426	-0.7041735053062439	-0.19805556535720825	-0.7868764400482178	0.6705314517021179	0.784363329410553	-1.1091547012329102	-3.1177000999450684	-0.9751776456832886	-0.5849254727363586	-0.7066425681114197	-0.47800520062446594	0.5554732084274292	2.664562702178955	1.056157112121582	-0.14688225090503693	-0.8903818726539612	0.19377106428146362
1.968082308769226	-0.7403711676597595	-0.86590975522995	-0.3074077069759369	-0.5391854047775269	-0.36381062865257263	-1.262109637260437	-1.520133137702942	-0.8222450017929077	1.1143460273742676	0.21547555923461914	0.40581679344177246	0.009588624350726604	-0.5376919507980347	-0.16784490644931793	-0.28432905673980713	-1.2890520095825195	-1.369055151939392	-0.0416543148458004	-0.6208549737930298	1.2404048442840576
-0.8347951173782349	1.1383702754974365	-1.1804836988449097	-0.05375583842396736	0.6583777070045471	0.9400918483734131	0.2585461437702179	0.6290010213851929	-0.730267345905304	-0.8529870510101318	0.8939319252967834	-0.5578662157058716	0.40625742077827454	-0.7864019870758057	-0.13777008652687073	0.4333164393901825	1.410565972328186	-0.8094828724861145	1.5495615005493164	-1.1085020303726196	1.1934274435043335
1.1583247184753418	2.0398569107055664	0.6588103175163269	-1.0947751998901367	-0.2614862620830536	0.4376428425312042	-0.33805951476097107	-0.38146504759788513	0.4041687250137329	1.1408662796020508	0.8442699313163757	0.9328799843788147	-0.1770436316728592	-1.6141042709350586	-0.05402706563472748	-1.0202891826629639	1.1520270109176636	1.603569746017456	-0.3056643009185791	1.0606685876846313	0.9144514799118042
-0.900391697883606	-0.2964891791343689	0.9982536435127258	-0.2011842131614685	-0.14613723754882812	0.773792028427124	0.3709164559841156	-0.5347136855125427	0.6122180223464966	-2.963829278945923	0.19172926247119904	-0.4415816068649292	-0.9279627203941345	-1.5034563541412354	1.519529104232788	-0.9120792150497437	-0.6457704901695251	0.25394970178604126	-0.4485066533088684	-0.16657507419586182	0.011158598586916924
1.5997341871261597	1.1060330867767334	-0.17143115401268005	-1.2989978790283203	0.4543749988079071	-0.1299438327550888	0.12715935707092285	1.1696430444717407	-0.8185266852378845	0.8776562213897705	0.37390437722206116	0.3087032735347748	0.17521317303180695	-0.19854575395584106	-1.5274451971054077	-0.5174965262413025	0.8053724765777588	-0.1969304382801056	-1.153483510017395	0.29051366448402405	-1.1955171823501587
0.7491471171379089	0.032640546560287476	0.3852017819881439	-1.6742011308670044	-0.39911237359046936	0.11521919071674347	-0.12163254618644714	0.05895799398422241	0.7066968679428101	-0.8974000215530396	0.8747674822807312	0.4943016469478607	-0.8140811324119568	0.35668838024139404	-1.251360535621643	-0.564603328704834	-1.9260835647583008	-0.9519638419151306	0.3666592240333557	-0.574810802936554	1.2105633020401
0.8780093193054199	-0.5417424440383911	1.237189769744873	-0.8934028744697571	0.7594868540763855	1.6191985607147217	0.06841147691011429	0.20965081453323364	0.3172076642513275	-0.9450515508651733	1.5841540098190308	1.8633564710617065	-1.0732219219207764	-0.22622454166412354	0.27947625517845154	1.149463176727295	-0.13173966109752655	-0.04644341766834259	0.8477151393890381	-0.8570095896720886	-0.6278234124183655
1.0538740158081055	1.2159382104873657	0.7700046896934509	-1.2710247039794922	-1.5328634977340698	-0.6056836247444153	0.30172035098075867	-0.06260333955287933	-1.1750781536102295	-2.776214838027954	-0.03434806689620018	-0.9067460894584656	0.47646188735961914	1.8744393587112427	0.5386947989463806	0.049217719584703445	0.40984055399894714	0.9436722993850708	0.4294871389865875	-0.21272535622119904	-1.4889057874679565
0.5086768865585327	0.27999305725097656	1.338620662689209	-0.8986557722091675	-1.587561011314392	0.6741992831230164	-1.0020045042037964	-0.3515140116214752	0.21522817015647888	1.1485998630523682	-1.4976420402526855	-0.22656181454658508	-0.4745163917541504	-0.06432146579027176	-0.8955109715461731	0.6282087564468384	0.7640750408172607	-2.0287256240844727	-0.6996883153915405	-0.9302548170089722	1.2116445302963257
-1.3326410055160522	-0.4589506685733795	1.717897653579712	-0.5738235712051392	-2.9067466259002686	1.0591528415679932	0.06492049247026443	1.2131679058074951	2.936619281768799	1.9304630756378174	-0.5468730926513672	-1.3056426048278809	1.0513252019882202	-0.45424067974090576	1.3518141508102417	-2.439788579940796	-0.0941540077328682	0.07719103246927261	0.12127239257097244	-0.009027692489326	0.35557821393013
0.21938741207122803	-0.8763977885246277	1.4414647817611694	-1.943913221359253	-0.6136296391487122	-0.6370493173599243	-0.09340338408946991	0.935525119304657	0.14170219004154205	-0.11399935185909271	-0.24578489363193512	-0.3236141502857208	-1.039760708808899	-0.5438057780265808	-0.3316982090473175	0.08062925934791565	2.1177828311920166	0.7850444316864014	-0.33261531591415405	1.2352335453033447	-0.2616749107837677
0.20925137400627136	-0.6715698838233948	-0.46523070335388184	0.3793886601924896	0.6924450397491455	0.06814941763877869	0.28586629033088684	0.031677816063165665	1.7177696228027344	0.29662054777145386	-0.7206490635871887	-0.8420459032058716	-0.3085538446903229	-0.1148572713136673	-0.8519628643989563	0.3120681643486023	1.6620862483978271	-1.0596637725830078	0.3153676390647888	0.28921419382095337	0.3341671824455261
2.079437255859375	-0.5461446642875671	-1.7783664464950562	0.07649420201778412	0.3824455440044403	0.48021548986434937	0.5905722975730896	0.18233035504817963	-0.8140294551849365	-1.6920868158340454	1.0642696619033813	0.6882996559143066	1.1720116138458252	-0.16173090040683746	0.529422402381897	-2.356862783432007	-0.8263669610023499	-2.2560617923736572	-1.3448493480682373	0.3024224042892456	0.6086305379867554
-0.4493578374385834	-0.8805723190307617	-1.483953833580017	0.9903236031532288	0.04185819998383522	1.161226511001587	0.895451009273529	-1.7273530960083008	0.0545569583773613	0.10685912519693375	-1.3488677740097046	-1.066129446029663	1.057244062423706	0.554469883441925	1.508140206336975	0.016441604122519493	0.2879003882408142	0.014084283262491226	0.9408848881721497	-0.9105475544929504	1.1414525508880615
-0.7249764800071716	1.156052827835083	-1.7185025215148926	0.6678139567375183	-0.12127674371004105	-0.9537385702133179	-1.4362452030181885	-0.8054026961326599	0.6043431162834167	0.2092396765947342	-0.1886148452758789	-1.7182209491729736	1.4594765901565552	0.5211446285247803	-0.4039872884750366	1.9994999170303345	0.024338632822036743	-0.234932541847229	-0.06673548370599747	-0.5045182704925537	-0.4615139365196228
-0.16346676647663116	-1.584702491760254	-1.507599115371704	0.836286723613739	0.4340682029724121	0.25827956199645996	-0.07194213569164276	0.051542434841394424	-0.8630180954933167	-1.1284599304199219	-0.8459654450416565	1.3246798515319824	1.2794550657272339	-0.26263582706451416	-1.3362619876861572	-0.5403432846069336	1.1639710664749146	0.6863206624984741	0.8650856614112854	-0.4128458499908447	-0.7646967768669128
1.6886887550354004	0.7580256462097168	-0.027155887335538864	1.0471984148025513	0.0037511519622057676	-0.6776072382926941	-1.894964337348938	0.29830601811408997	-0.6899920701980591	1.7604563236236572	-0.3205544054508209	0.5169224739074707	1.0320062637329102	-0.13591110706329346	1.1657474040985107	1.6601133346557617	0.43725043535232544	-1.059462547302246	-0.6225636601448059	-1.0347262620925903	0.37314602732658386
0.2764580249786377	-1.7784132957458496	0.4258995056152344	0.06725430488586426	-0.7049541473388672	-0.26398375630378723	0.6475553512573242	-0.1735445261001587	0.8707998394966125	0.5507266521453857	0.45726141333580017	0.9947022199630737	-0.6455476880073547	1.6312544345855713	-0.24063248932361603	1.3553839921951294	-0.07688257098197937	-0.37909188866615295	-0.24763301014900208	0.32921499013900757	0.6821196675300598
0.8341460824012756	-1.0945123434066772	0.5810831785202026	0.8004695177078247	-3.8451974391937256	0.10637619346380234	1.9780845642089844	1.0194876194000244	2.1354410648345947	0.2251419574022293	1.1883052587509155	-1.268546462059021	-0.910294234752655	-0.17863720655441284	0.3258362412452698	0.7016736268997192	-0.24312031269073486	0.7045333385467529	1.441150188446045	0.19459345936775208	-0.8456122875213623
-0.983340859413147	-0.36901161074638367	-1.2317965030670166	-0.10234705358743668	0.6326516270637512	0.18261301517486572	1.3500235080718994	-0.36422792077064514	-0.49874386191368103	0.4602413773536682	0.8403071761131287	0.3703772723674774	1.0649884939193726	1.7532591819763184	-0.03688037395477295	0.9229130148887634	-1.3974616527557373	-0.6867222785949707	0.9112368822097778	-0.4449019432067871	-0.46719932556152344
0.453372985124588	-0.19252105057239532	0.4916348159313202	0.5527822971343994	-1.8249411582946777	-0.5831347703933716	-0.5909218192100525	-0.3592100143432617	-0.7489616274833679	-1.493261694908142	0.7329333424568176	-0.24223168194293976	0.4751126766204834	0.04637335240840912	-0.07466468214988708	0.2815925180912018	0.44458138942718506	-1.4746949672698975	-1.2780033349990845	0.86968994140625	0.062383607029914856
0.9989009499549866	1.007375955581665	-1.2265714406967163	0.9855939149856567	0.43194806575775146	-0.9990701675415039	-0.28129419684410095	-0.943263053894043	-0.5617493987083435	0.19811910390853882	0.39284297823905945	-0.8598973751068115	1.2906848192214966	0.12575820088386536	0.6181566119194031	-1.28901207447052	0.5940558314323425	1.096631646156311	0.396837443113327	0.6504983901977539	0.23066748678684235
-0.9635597467422485	-0.7880440354347229	0.6993404626846313	-0.4398888647556305	-0.9773536324501038	-0.8961750864982605	1.2590010166168213	0.36472633481025696	-2.01114559173584	0.011413485743105412	0.46015554666519165	1.1869914531707764	-1.0050119161605835	-0.627348005771637	-1.4504897594451904	-0.5943401455879211	-0.6888940930366516	0.5215011835098267	0.709533154964447	-0.20310468971729279	-0.5728762745857239
-0.4365289509296417	-1.298780918121338	1.9260395765304565	-0.17500419914722443	0.6542396545410156	0.7086749076843262	0.5059283375740051	-0.7525233030319214	-0.046791646629571915	-0.8303029537200928	-0.3776714503765106	-0.61491459608078	-0.03664315491914749	0.3083888590335846	1.6314667463302612	-1.4669362306594849	-0.28728410601615906	-0.41690438985824585	-0.8052011728286743	-1.5305453538894653	-1.352704405784607
0.9558864235877991	0.03845128044486046	0.26123058795928955	0.10462846606969833	-0.5388966202735901	0.9099267721176147	2.06093168258667	0.9927343726158142	-1.937596321105957	-0.540809154510498	-0.18724161386489868	-1.2303850650787354	-0.1604502946138382	0.7057812213897705	0.10878084599971771	-0.6861664056777954	-0.5002496242523193	-0.17551682889461517	-1.5625057220458984	-0.34556838870048523	-0.7472873330116272
-1.525072693824768	0.16498324275016785	-0.17809174954891205	-0.562142550945282	-0.8702002167701721	-0.8681557774543762	1.5488475561141968	0.018910454586148262	-0.03914540261030197	-0.43491029739379883	1.8780425786972046	-0.8968409299850464	0.4540807902812958	-1.0410858392715454	-1.4264450073242188	0.7242200374603271	0.610779345035553	-1.3340221643447876	-0.06265654414892197	-1.0957238674163818	0.33344706892967224
-2.249552011489868	-1.0537399053573608	0.23220349848270416	-0.8638349771499634	0.958726704120636	0.1505497395992279	0.9636386036872864	-2.47186279296875	1.0166164636611938	0.7281875014305115	-0.45182791352272034	-0.31889480352401733	0.4509815275669098	-1.2788512706756592	-2.0592708587646484	0.5973305702209473	1.056865930557251	-0.8561718463897705	2.3616695404052734	-0.3854835629463196	-1.9353185892105103
